Arm · length,Label,n,IdeaLens · outline,IdeaLens · document,ProseLens,IdeaLens-ModernBERT-L · outline,IdeaLens-ModernBERT-L · document,ProseLens-ModernBERT-L,EditLens-Llama-3B (cal.),Binoculars (own),Pangram 4 (own)
AI-BP · < 500,model ideas (TPR),"1,744",69.4 / 81.9,81.5 / 95.2,100.0 / 100.0,81.4 / 88.6,83.1 / 96.6,99.9 / 100.0,98.2 / 99.9,75.7 / –,97.9
AI-BP · >= 500,model ideas (TPR),"3,176",62.2 / 75.5,83.7 / 98.2,100.0 / 100.0,75.8 / 82.6,78.7 / 95.2,99.9 / 100.0,82.8 / 98.7,55.0 / –,97.8
AI-BP-humanized · < 500,model ideas (TPR),200,86.0 / 93.0,87.0 / 100.0,99.0 / 100.0,88.5 / 94.0,31.5 / 90.0,42.0 / 85.0,0.0 / 20.0,0.0 / –,78.5
AI-EP · < 500,model ideas (TPR),"1,688",73.7 / 83.8,83.2 / 96.8,100.0 / 100.0,82.6 / 89.6,84.5 / 97.6,99.8 / 100.0,98.8 / 100.0,76.8 / –,98.3
AI-EP · >= 500,model ideas (TPR),"2,842",69.3 / 80.5,85.8 / 98.3,100.0 / 100.0,79.5 / 85.6,82.8 / 96.3,99.8 / 100.0,87.2 / 98.9,62.4 / –,98.6
H-AI · < 500,human ideas (FPR),"13,284",0.7 / 2.4,0.2 / 3.0,52.1 / 83.4,3.4 / 7.4,1.0 / 16.2,34.2 / 80.3,40.0 / 80.7,2.9 / –,63.3
H-AI · >= 500,human ideas (FPR),"1,834",0.5 / 1.5,0.2 / 1.2,17.4 / 44.8,1.7 / 3.8,0.3 / 2.1,18.1 / 52.7,22.7 / 60.4,0.5 / –,25.6
H-AI-humanized · < 500,human ideas (FPR),718,1.5 / 3.8,1.1 / 18.2,68.9 / 94.3,5.4 / 11.0,0.0 / 11.8,3.6 / 28.6,0.6 / 9.2,0.0 / –,71.7
H · < 500,human ideas (FPR),"2,621",0.0 / 0.3,0.0 / 0.0,0.0 / 0.6,1.5 / 4.0,0.0 / 3.8,0.5 / 4.2,0.0 / 0.3,0.7 / –,0.0
All model ideas · < 500,TPR,"3,632",72.3 / 83.4,82.6 / 96.2,99.9 / 100.0,82.4 / 89.4,80.9 / 96.7,96.6 / 99.2,93.1 / 95.5,72.1 / –,97.1
All model ideas · >= 500,TPR,"6,018",65.6 / 77.8,84.7 / 98.3,100.0 / 100.0,77.5 / 84.0,80.7 / 95.7,99.9 / 100.0,84.9 / 98.8,58.5 / –,98.2
All human ideas · < 500,FPR,"16,623",0.6 / 2.2,0.2 / 3.2,44.6 / 70.8,3.2 / 7.0,0.8 / 14.0,27.5 / 66.1,32.0 / 64.9,2.5 / –,53.7
All human ideas · >= 500,FPR,"1,834",0.5 / 1.5,0.2 / 1.2,17.4 / 44.8,1.7 / 3.8,0.3 / 2.1,18.1 / 52.7,22.7 / 60.4,0.5 / –,25.6
