Genre,Arm,n,IdeaLens · outline,IdeaLens · document,ProseLens,IdeaLens-ModernBERT-L · outline,IdeaLens-ModernBERT-L · document,ProseLens-ModernBERT-L,EditLens-Llama-3B (cal.),Binoculars (own),Pangram 4 (own)
amazon review,ai,700,66.0 / 74.3,68.1 / 90.7,99.3 / 99.7,48.4 / 54.3,40.1 / 75.3,93.9 / 98.3,90.1 / 93.9,15.4 / –,99.6
blog,ai,796,69.1 / 84.9,84.7 / 99.6,99.1 / 100.0,40.7 / 52.8,37.9 / 92.6,95.7 / 99.7,91.3 / 97.5,19.2 / –,99.2
news,ai,"1,068",95.2 / 93.1,96.0 / 94.8,99.9 / 99.8,88.1 / 80.8,90.0 / 86.2,99.3 / 98.3,99.0 / 93.4,52.2 / –,100.0
novel,ai,"3,999",97.1 / 98.9,100.0 / 100.0,100.0 / 100.0,90.5 / 94.6,98.7 / 99.9,100.0 / 100.0,95.1 / 98.6,65.2 / –,100.0
restaurant review,ai,380,74.5 / 82.9,73.7 / 97.1,98.2 / 100.0,56.6 / 64.7,42.4 / 80.5,90.3 / 99.2,83.2 / 95.5,31.8 / –,98.9
resume,ai,764,100.0 / 99.5,100.0 / 99.9,100.0 / 100.0,94.5 / 85.1,97.8 / 84.8,100.0 / 99.6,99.9 / 95.9,89.3 / –,100.0
amazon review,stealth (humanized),700,30.9 / 41.1,13.4 / 48.7,53.3 / 81.3,18.4 / 25.3,4.1 / 26.9,29.4 / 56.6,11.4 / 42.6,6.0 / –,75.3
blog,stealth (humanized),795,41.6 / 63.8,32.7 / 86.0,61.5 / 94.2,18.0 / 32.2,3.5 / 53.0,48.7 / 82.1,15.1 / 55.1,1.9 / –,78.4
news,stealth (humanized),"1,067",59.1 / 51.8,27.1 / 22.4,72.1 / 57.0,48.4 / 41.5,7.3 / 9.6,33.8 / 24.6,4.4 / 5.9,1.1 / –,98.3
novel,stealth (humanized),"4,000",62.7 / 79.2,36.5 / 91.1,61.2 / 95.7,40.2 / 56.7,6.7 / 54.0,40.4 / 87.3,1.5 / 28.7,0.8 / –,99.8
restaurant review,stealth (humanized),380,44.2 / 58.9,21.6 / 69.2,58.4 / 88.7,25.8 / 32.9,3.4 / 33.2,37.6 / 72.4,11.6 / 49.7,8.2 / –,79.5
resume,stealth (humanized),764,79.1 / 79.1,40.8 / 58.9,83.5 / 83.4,43.1 / 52.2,2.9 / 13.6,25.0 / 37.8,4.1 / 16.8,1.3 / –,100.0
amazon review,human,175,0.0 / 1.7,0.0 / 5.7,0.6 / 13.7,1.7 / 1.7,0.0 / 4.6,1.7 / 13.1,0.0 / 0.6,5.7 / –,0.0
blog,human,199,0.0 / 3.5,0.0 / 17.1,0.0 / 21.6,2.5 / 6.0,0.0 / 22.1,3.0 / 26.1,0.0 / 0.0,5.0 / –,0.0
news,human,267,0.0 / 0.0,0.0 / 0.0,0.0 / 0.4,0.4 / 0.4,0.0 / 0.4,0.0 / 0.4,0.0 / 0.0,0.4 / –,0.0
novel,human,"1,000",0.0 / 0.0,0.0 / 0.0,0.0 / 0.0,0.1 / 0.3,0.0 / 0.2,0.0 / 0.0,0.0 / 0.0,0.0 / –,0.0
restaurant review,human,95,0.0 / 0.0,0.0 / 0.0,0.0 / 5.3,1.1 / 2.1,0.0 / 5.3,1.1 / 5.3,0.0 / 0.0,2.1 / –,0.0
resume,human,191,0.0 / 0.5,0.0 / 0.0,0.0 / 0.0,0.0 / 0.0,0.5 / 1.0,0.0 / 0.0,0.0 / 0.0,0.0 / –,0.0
