Language,Arm,n,IdeaLens · outline,IdeaLens · document,ProseLens,IdeaLens-ModernBERT-L · outline,IdeaLens-ModernBERT-L · document,ProseLens-ModernBERT-L,EditLens-Llama-3B (cal.),Binoculars (own),Pangram 4 (own)
arabic,non-English · ai_none,995,87.0,92.1,99.8,78.0,–,–,59.6,0.1,97.9
chinese,non-English · ai_none,984,77.5,94.0,99.9,66.1,–,–,64.5,0.0,99.7
french,non-English · ai_none,998,90.0,99.4,100.0,75.4,–,–,81.6,13.8,99.5
german,non-English · ai_none,996,85.5,96.9,100.0,71.4,–,–,81.3,0.1,98.8
portuguese,non-English · ai_none,999,94.6,99.4,100.0,78.4,–,–,84.6,4.6,96.5
russian,non-English · ai_none,993,81.6,89.4,99.3,63.4,–,–,58.2,0.0,98.5
spanish,non-English · ai_none,900,91.4,98.6,100.0,80.4,–,–,87.8,9.6,98.3
arabic,non-English · human,968,0.3,0.1,0.1,0.3,–,–,0.0,0.0,0.0
chinese,non-English · human,881,0.5,0.0,0.2,0.5,–,–,0.0,0.0,0.1
french,non-English · human,958,0.4,0.2,0.6,0.3,–,–,0.1,0.0,0.0
german,non-English · human,988,0.2,0.1,0.3,0.2,–,–,0.0,0.0,0.0
portuguese,non-English · human,991,0.4,0.0,0.0,0.3,–,–,0.0,0.0,0.0
russian,non-English · human,981,0.0,0.0,0.0,0.2,–,–,0.0,0.0,0.0
spanish,non-English · human,827,0.0,0.0,0.0,0.2,–,–,0.0,0.0,0.0
