Year,Arm,n,IdeaLens · outline,IdeaLens · document,ProseLens,IdeaLens-ModernBERT-L · outline,IdeaLens-ModernBERT-L · document,ProseLens-ModernBERT-L,EditLens-Llama-3B (cal.),Binoculars (own),Pangram 4 (own)
2021,synthetic_reviews,204,49.0 / 71.6,75.5 / 93.6,98.0 / 99.0,49.0 / 60.3,55.9 / 93.1,94.1 / 97.1,32.4 / 96.1,13.2 / –,92.6
2022,synthetic_reviews,200,66.0 / 86.5,90.0 / 100.0,99.5 / 100.0,69.0 / 82.5,77.0 / 98.5,100.0 / 100.0,40.5 / 90.5,16.5 / –,91.0
2023,synthetic_reviews,196,69.9 / 82.1,91.3 / 99.5,99.5 / 100.0,56.1 / 67.9,74.0 / 99.0,96.4 / 100.0,32.7 / 92.9,14.8 / –,83.2
2024,synthetic_reviews,198,68.7 / 88.4,90.4 / 98.5,99.0 / 99.5,57.1 / 73.2,72.2 / 97.0,98.5 / 99.0,28.3 / 86.9,15.7 / –,81.3
2021,rewritten,378,3.2 / 9.3,4.0 / 20.1,75.7 / 91.5,4.5 / 8.7,5.6 / 28.8,68.5 / 90.7,48.1 / 86.5,4.0 / –,78.8
2022,rewritten,378,8.2 / 16.7,9.3 / 25.4,73.3 / 90.7,16.4 / 23.5,18.8 / 43.1,69.6 / 91.5,58.5 / 88.6,6.1 / –,71.4
2023,rewritten,372,7.0 / 14.5,9.1 / 29.8,78.8 / 93.8,12.6 / 24.5,17.5 / 54.8,70.7 / 90.6,65.9 / 90.9,5.1 / –,75.3
2024,rewritten,372,12.1 / 18.8,12.9 / 36.0,77.4 / 92.5,12.4 / 18.0,21.2 / 50.5,70.2 / 90.6,59.7 / 92.7,3.8 / –,79.6
2021,extract_regenerate,378,57.9 / 74.6,78.3 / 89.9,90.5 / 90.5,72.5 / 81.5,84.9 / 90.5,90.5 / 90.5,86.5 / 90.2,15.6 / –,89.7
2022,extract_regenerate,378,55.0 / 74.3,78.0 / 87.3,88.4 / 88.9,70.6 / 78.6,82.0 / 87.8,88.6 / 88.9,84.1 / 89.4,15.9 / –,87.0
2023,extract_regenerate,372,59.1 / 76.9,83.3 / 89.5,90.1 / 90.3,72.8 / 79.8,85.2 / 90.1,90.1 / 90.3,85.8 / 91.7,16.1 / –,88.2
2024,extract_regenerate,371,72.2 / 85.7,87.9 / 94.1,93.5 / 94.1,82.2 / 88.9,92.5 / 93.8,93.5 / 94.1,90.0 / 93.3,18.6 / –,92.2
2021,human,163,0.0 / 0.0,0.0 / 0.0,0.0 / 0.0,0.6 / 0.6,0.0 / 1.8,0.0 / 0.0,0.0 / 0.0,0.0 / –,0.0
2022,human,159,0.0 / 1.9,0.0 / 0.0,0.0 / 0.0,4.4 / 7.5,0.0 / 5.7,0.0 / 1.3,0.0 / 5.7,0.0 / –,0.0
2023,human,180,0.6 / 1.1,0.0 / 1.7,1.1 / 2.2,1.7 / 2.8,1.1 / 5.0,0.0 / 2.8,1.1 / 18.3,0.0 / –,0.0
2024,human,169,3.6 / 5.3,5.9 / 11.2,10.1 / 13.0,5.9 / 7.1,8.9 / 14.2,9.5 / 14.8,4.7 / 18.9,3.0 / –,1.8
2021,expanded,212,21.2 / 33.5,41.0 / 61.3,59.9 / 67.0,21.7 / 31.6,23.1 / 46.2,58.5 / 66.5,24.5 / 53.8,9.0 / –,59.9
2022,expanded,216,22.7 / 34.7,44.9 / 59.3,54.2 / 59.7,23.1 / 30.1,28.2 / 46.3,50.5 / 61.6,22.7 / 51.4,6.9 / –,51.9
2023,expanded,211,24.6 / 42.2,52.1 / 65.4,65.4 / 70.1,19.9 / 30.8,33.6 / 55.9,62.6 / 69.7,26.1 / 66.8,9.5 / –,62.1
2024,expanded,207,30.4 / 43.0,52.7 / 68.6,64.3 / 69.1,21.7 / 30.9,38.2 / 54.6,61.8 / 71.0,30.9 / 64.7,7.7 / –,59.9
2021,hybrid,217,42.9 / 56.2,61.3 / 75.1,78.3 / 81.1,47.5 / 53.5,52.5 / 68.7,72.8 / 80.6,41.0 / 69.6,11.5 / –,59.9
2022,hybrid,220,44.1 / 60.0,60.9 / 76.4,76.4 / 78.6,48.2 / 59.1,56.8 / 73.2,73.2 / 78.6,40.0 / 73.2,10.5 / –,62.7
2023,hybrid,215,50.2 / 66.5,73.5 / 81.4,80.5 / 81.9,48.4 / 60.9,64.7 / 79.1,77.2 / 81.9,40.9 / 81.4,12.6 / –,67.4
2024,hybrid,214,50.5 / 67.3,72.0 / 81.8,80.8 / 82.2,45.3 / 58.4,63.6 / 77.1,79.4 / 82.2,43.5 / 76.6,10.3 / –,65.9
