Split,Arm,n,IdeaLens · outline,IdeaLens · document,ProseLens,IdeaLens-ModernBERT-L · outline,IdeaLens-ModernBERT-L · document,ProseLens-ModernBERT-L,EditLens-Llama-3B (cal.),Binoculars (own),Pangram 4 (own)
dev,English · clear AI (ai_plain),"1,980",96.2,97.9,99.9,84.2,83.9,99.4,95.8,67.8,99.9
test,English · clear AI (ai_plain),"1,973",96.9,97.5,100.0,84.7,86.3,99.7,96.3,68.0,100.0
dev,English · attacked AI (humanized),"1,920",85.1,83.7,93.9,71.8,60.9,87.1,72.8,10.2,95.5
test,English · attacked AI (humanized),"1,672",84.0,80.1,93.2,71.1,58.1,85.3,69.0,10.7,94.3
dev,English · rephrase (h2l_rephrase),"1,944",4.8,5.0,45.8,6.2,5.3,34.1,19.5,6.3,41.3
test,English · rephrase (h2l_rephrase),"1,960",5.0,4.7,43.2,5.6,4.6,35.2,20.7,7.4,44.4
dev,English · clear human,"1,957",0.8,0.3,0.5,1.2,0.2,0.5,0.4,0.4,0.1
test,English · clear human,"1,965",0.5,0.1,0.2,1.1,0.0,0.3,0.3,0.3,0.1
dev,non-English · clear AI (ai_plain),"1,931",92.9,91.4,99.3,84.8,–,–,88.1,26.6,99.8
test,non-English · clear AI (ai_plain),"1,946",93.3,88.5,98.9,85.6,–,–,90.8,27.6,99.6
dev,non-English · attacked AI (humanized),"1,765",79.2,73.8,87.5,71.2,–,–,63.9,2.5,88.4
test,non-English · attacked AI (humanized),"1,771",79.3,70.8,87.2,71.4,–,–,65.0,2.4,88.7
dev,non-English · rephrase (h2l_rephrase),"1,902",1.7,0.7,13.5,1.2,–,–,4.3,0.7,14.4
test,non-English · rephrase (h2l_rephrase),"1,898",1.9,0.6,12.1,1.3,–,–,3.5,0.6,15.5
dev,non-English · clear human,"1,888",0.6,0.0,0.0,0.5,–,–,0.0,0.2,0.0
test,non-English · clear human,"1,918",0.5,0.0,0.0,0.2,–,–,0.0,0.2,0.0
test,English · ai_human_edited (a person rewrote model content),248,95.6,93.5,99.6,83.1,72.6,92.3,69.4,22.6,100.0
