Arm,Model,0.1%,0.5%,2%,5%
source (the person's document),IdeaLens · outline (paraphrased),0.4,2.1,5.9,6.8
source (the person's document),IdeaLens · document,1.3,1.7,4.6,7.6
source (the person's document),ProseLens,0.8,1.7,3.8,4.6
source (the person's document),IdeaLens-ModernBERT-L · outline (paraphrased),0.0,0.4,3.0,8.9
source (the person's document),IdeaLens-ModernBERT-L · document,0.8,1.3,5.5,7.6
source (the person's document),ProseLens-ModernBERT-L,0.0,1.3,4.2,5.5
source (the person's document),EditLens-Llama-3B (cal.),0.0,1.3,3.8,8.0
source (the person's document),Binoculars (cal.),0.0,0.8,2.1,5.9
level 0 (type line),IdeaLens · outline (paraphrased),88.6,93.7,96.6,97.5
level 0 (type line),IdeaLens · document,97.5,98.3,99.6,99.6
level 0 (type line),ProseLens,99.2,99.2,99.2,99.6
level 0 (type line),IdeaLens-ModernBERT-L · outline (paraphrased),49.8,65.4,81.4,89.5
level 0 (type line),IdeaLens-ModernBERT-L · document,86.5,91.1,94.9,98.3
level 0 (type line),ProseLens-ModernBERT-L,98.7,99.6,99.6,99.6
level 0 (type line),EditLens-Llama-3B (cal.),0.0,30.0,94.1,100.0
level 0 (type line),Binoculars (cal.),0.0,0.0,0.8,9.3
level 1 (topic line),IdeaLens · outline (paraphrased),81.4,89.9,93.2,96.6
level 1 (topic line),IdeaLens · document,97.5,97.9,99.2,99.6
level 1 (topic line),ProseLens,99.2,99.6,99.6,99.6
level 1 (topic line),IdeaLens-ModernBERT-L · outline (paraphrased),49.8,62.9,81.0,90.7
level 1 (topic line),IdeaLens-ModernBERT-L · document,82.7,86.9,96.6,98.7
level 1 (topic line),ProseLens-ModernBERT-L,99.2,99.6,99.6,99.6
level 1 (topic line),EditLens-Llama-3B (cal.),0.0,24.5,91.6,99.6
level 1 (topic line),Binoculars (cal.),0.0,0.4,3.0,5.9
level 2 (themes),IdeaLens · outline (paraphrased),74.7,81.9,92.0,94.1
level 2 (themes),IdeaLens · document,94.5,95.8,98.3,99.6
level 2 (themes),ProseLens,97.5,98.3,99.2,99.6
level 2 (themes),IdeaLens-ModernBERT-L · outline (paraphrased),40.1,58.2,75.5,87.3
level 2 (themes),IdeaLens-ModernBERT-L · document,76.8,83.5,92.0,96.6
level 2 (themes),ProseLens-ModernBERT-L,97.0,98.3,99.2,99.6
level 2 (themes),EditLens-Llama-3B (cal.),0.0,18.6,89.5,99.6
level 2 (themes),Binoculars (cal.),0.0,0.0,2.1,8.0
level 3 (themes and structure),IdeaLens · outline (paraphrased),67.9,76.8,87.3,94.9
level 3 (themes and structure),IdeaLens · document,95.4,97.5,98.7,99.6
level 3 (themes and structure),ProseLens,98.3,98.7,99.6,99.6
level 3 (themes and structure),IdeaLens-ModernBERT-L · outline (paraphrased),37.6,54.4,73.8,84.4
level 3 (themes and structure),IdeaLens-ModernBERT-L · document,81.4,87.3,94.9,97.9
level 3 (themes and structure),ProseLens-ModernBERT-L,97.5,97.9,98.7,99.6
level 3 (themes and structure),EditLens-Llama-3B (cal.),0.0,17.7,90.3,99.2
level 3 (themes and structure),Binoculars (cal.),0.0,0.0,0.8,2.5
level 4 (themes and full outline),IdeaLens · outline (paraphrased),10.1,18.6,33.3,48.9
level 4 (themes and full outline),IdeaLens · document,59.1,70.5,86.1,94.5
level 4 (themes and full outline),ProseLens,89.9,93.7,96.6,98.3
level 4 (themes and full outline),IdeaLens-ModernBERT-L · outline (paraphrased),3.0,13.5,23.6,41.8
level 4 (themes and full outline),IdeaLens-ModernBERT-L · document,32.1,41.8,62.9,85.7
level 4 (themes and full outline),ProseLens-ModernBERT-L,82.3,91.1,97.5,99.2
level 4 (themes and full outline),EditLens-Llama-3B (cal.),0.0,4.2,69.2,96.2
level 4 (themes and full outline),Binoculars (cal.),0.0,0.0,0.8,2.1
level 5 (the source's outline),IdeaLens · outline (paraphrased),2.1,5.9,12.2,19.0
level 5 (the source's outline),IdeaLens · document,37.6,48.5,70.5,82.3
level 5 (the source's outline),ProseLens,77.2,82.7,90.3,97.0
level 5 (the source's outline),IdeaLens-ModernBERT-L · outline (paraphrased),0.8,3.8,11.8,23.2
level 5 (the source's outline),IdeaLens-ModernBERT-L · document,20.7,29.1,51.1,73.0
level 5 (the source's outline),ProseLens-ModernBERT-L,57.8,70.9,92.4,98.3
level 5 (the source's outline),EditLens-Llama-3B (cal.),0.0,1.3,62.0,94.9
level 5 (the source's outline),Binoculars (cal.),0.0,0.0,0.0,3.4
